"V1","V2","V3","Effect","SE","Anthesis.FarmCPU"
"H3_57871031.1_4",3,57871031.1,-0.547842682060761,0.110525396967822,1.73635398017502e-08
"H4_212223258.1_4",4,212223258.1,2.22467943720993,0.395009221566053,7.37367781083612e-10
"H5_106616108.3_1",5,106616108.3,0.529138927480048,0.114188178827683,3.67577008692501e-08
"H5_155420007.8_2",5,155420007.8,-0.649069202460268,0.114856318057876,2.13088739356887e-10
"H6_100743974.9_7",6,100743974.9,-0.466509547197294,0.0883955434820661,4.74936918950986e-09
