"V1","V2","V3","Effect","SE","EarHeight.FarmCPU"
"H3_155966350.1_5",3,155966350.1,-5.73743893548253,0.919746456336776,2.91842686555031e-11
