"V1","V2","V3","Effect","SE","PlantHeight.FarmCPU"
"H1_235735760.9_2",1,235735760.9,5.84850211568158,1.26186177322802,1.00889596518594e-07
"H3_157933959.3_5",3,157933959.3,6.80076205428253,0.960154021874997,1.06176493974894e-13
"H3_184620756_6",3,184620756,-5.09321527487833,0.935457395186849,2.29824157143993e-09
"H3_223983513.1_1",3,223983513.1,-6.27236262597582,1.21507865708277,2.30887236579871e-08
"H5_1576711.1_5",5,1576711.1,4.08776715864915,0.847476007019654,9.74003457379366e-08
"H7_138238795.7_2",7,138238795.7,-7.96329312461942,1.51068729449731,1.70912350103555e-08
