"V1","V2","V3","Effect","SE","Silking.FarmCPU"
"H3_130573483.8_4",3,130573483.8,-0.493396913499526,0.101328728642735,4.45312058835321e-08
"H3_155357280.6_6",3,155357280.6,0.73501475218926,0.140717940620125,3.51665961512667e-09
"H3_159022896.5_5",3,159022896.5,0.368391447401618,0.0744748345063975,1.71056822354878e-08
"H7_159919401.1_5",7,159919401.1,14.9522275246471,0.179564417249306,6.16856826534823e-292
"H7_160266311.3_4",7,160266311.3,-14.5517205502013,0.193918096476823,1.61703923188901e-271
"H8_168429002.3_8",8,168429002.3,0.325101295639358,0.0656765955786307,2.4376577088023e-08
"H9_158917931.6_7",9,158917931.6,-0.809194758585675,0.150525806997851,7.3669666820439e-09
