"V1","V2","V3","Effect","SE","Anthesis.FarmCPU"
"S3_138830647",3,138830647,-7.7347781475797,0.155950961694003,2.69257907226059e-194
"S3_140453780",3,140453780,7.86732723161759,0.0930593857383226,2.41282057979488e-294
"S4_190073655",4,190073655,-0.315974291171507,0.0696325518057855,6.94642648844234e-07
"S6_100943395",6,100943395,-0.441500377947108,0.0876518766574087,4.22208187324938e-08
"S7_132453495",7,132453495,0.573206225370086,0.119420380099129,2.39268711573143e-07
"S8_179644981",8,179644981,-0.489477167274686,0.105311973405622,1.35046583446009e-07
