"V1","V2","V3","Effect","SE","EarHeight.FarmCPU"
"S3_215850594",3,215850594,-8.51039321709475,1.74304859539833,1.11615817993631e-07
"S3_219031186",3,219031186,-8.25760979185864,1.77822834251703,6.09889417502256e-07
"S7_165315758",7,165315758,-3.56907306283841,0.789213688601841,1.06699242691454e-07
"S9_158111913",9,158111913,3.2876147810669,0.7684548883549,8.88876436207287e-07
"S10_37090372",10,37090372,2.9071674757471,0.700258551078163,5.31249502303173e-07
