"V1","V2","V3","Effect","SE","PlantHeight.FarmCPU"
"S5_2230434",5,2230434,-5.57800725394263,1.08838707150418,2.09287924961918e-08
"S8_109543123",8,109543123,-5.79311404096009,1.14827026941577,4.82940937322973e-08
