"V1","V2","V3","Effect","SE","Silking.FarmCPU"
"S1_168642970",1,168642970,-2.62659652896832,0.578145418221294,1.17864712503715e-07
"S3_135680887",3,135680887,-0.830590073880366,0.124110126888077,6.72093912236549e-14
"S3_159079754",3,159079754,0.31830379938061,0.0702929674157768,9.63942697044852e-08
"S3_190401739",3,190401739,-0.465673540585016,0.0989418592215359,2.5442892194571e-07
"S5_151137587",5,151137587,-0.699572798927122,0.149223454843499,3.70198681323544e-07
"S5_215273644",5,215273644,-0.43382145175898,0.0773187171523769,1.75287217343058e-09
"S7_159938601",7,159938601,0.360345404958856,0.070883189878174,4.81628133480624e-08
"S8_175969434",8,175969434,0.42875020531049,0.0920631776845434,1.28955393348162e-07
